"","t_sim","status","group"
"1",421.083041981847,1,"1"
"2",568.342079691508,1,"1"
"3",410.290311280655,1,"1"
"28",419.550074271042,1,"2"
"29",356.202318652416,1,"2"
"30",537.366825250995,1,"2"
